data_coleta,data_entrega,empresa,cnpj,categoria,tipo,assunto,materialidade,termos_encontrados,link,fingerprint
2026-09-21T18:25:36,2026-09-18T00:00:00,GRUPO CASAS BAHIA S.A.,33041260065290,Comunicado ao Mercado,Outros Comunicados Não Considerados Fatos Relevantes,Alteração na composição da Diretoria Estatutária e no Comitê de Auditoria Riscos e Compliance da Companhia,alta,auditor,https://www.rad.cvm.gov.br/ENET/frmDownloadDocumento.aspx?Tela=ext&descTipo=IPE&CodigoInstituicao=1&numProtocolo=1569617&numSequencia=1094323&numVersao=1,b38dbc8c2c583276
2026-09-21T18:25:36,2026-09-17T00:00:00,GRUPO CASAS BAHIA S.A.,33041260065290,Assembleia,AGE,nan,média,,https://www.rad.cvm.gov.br/ENET/frmDownloadDocumento.aspx?Tela=ext&descTipo=IPE&CodigoInstituicao=1&numProtocolo=1569304&numSequencia=1094010&numVersao=1,cedff5af9a754fd9
2026-09-21T18:25:36,2026-09-17T00:00:00,GRUPO CASAS BAHIA S.A.,33041260065290,Assembleia,AGE,"Alterar o caput do artigo 5º do Estatuto Social da Companhia para refletir o aumento de capital da Companhia aprovado em reunião do Conselho de Administração realizada em 16 de julho de 2026||Autorizar os Administradores da Companhia a praticar todos os atos necessários para dar continuidade e garantir a efetivação da recuperação judicial da Companhia e das demais matérias||Consolidar o Estatuto Social da Companhia, de forma a refletir a alteração indicada no item (4) acima||Eleger 1 (um) novo membro efetivo do Conselho Fiscal da Companhia e seu respectivo suplente||Ratificar o número de membros que compõem o Conselho de Administração da Companhia para o mandato que se encerrará com a realização da Assembleia Geral Ordinária que deliberará acerca das demonstraçõe||Ratificar o pedido de Recuperação Judicial da Companhia, em conjunto com determinadas de suas subsidiárias, ajuizado no dia 16 de agosto de 2026, perante o Juízo de Falências e Recuperações Judiciais",alta,recuperação judicial|falência|ação judicial,https://www.rad.cvm.gov.br/ENET/frmDownloadDocumento.aspx?Tela=ext&descTipo=IPE&CodigoInstituicao=1&numProtocolo=1569301&numSequencia=1094007&numVersao=1,8714d5b0c83f40ef
2026-09-21T18:25:36,2026-09-17T00:00:00,GRUPO CASAS BAHIA S.A.,33041260065290,Assembleia,AGE,nan,média,,https://www.rad.cvm.gov.br/ENET/frmDownloadDocumento.aspx?Tela=ext&descTipo=IPE&CodigoInstituicao=1&numProtocolo=1569302&numSequencia=1094008&numVersao=1,cedff5af9a754fd9
2026-09-21T18:25:36,2026-09-17T00:00:00,GRUPO CASAS BAHIA S.A.,33041260065290,Comunicado ao Mercado,Outros Comunicados Não Considerados Fatos Relevantes,Emissões de Notas Comerciais Escriturais para Colocação Privada,média,,https://www.rad.cvm.gov.br/ENET/frmDownloadDocumento.aspx?Tela=ext&descTipo=IPE&CodigoInstituicao=1&numProtocolo=1569306&numSequencia=1094012&numVersao=1,6929e550bd3c5b06
2026-09-21T18:25:36,2026-09-17T00:00:00,GRUPO CASAS BAHIA S.A.,33041260065290,Assembleia,AGE,"Alterar o caput do artigo 5º do Estatuto Social da Companhia para refletir o aumento de capital da Companhia aprovado em reunião do Conselho de Administração realizada em 16 de julho de 2026||Autorizar os Administradores da Companhia a praticar todos os atos necessários para dar continuidade e garantir a efetivação da recuperação judicial da Cia e demais materias||Consolidar o Estatuto Social da Companhia, de forma a refletir a alteração indicada no item (4) acima||Eleger 1 (um) novo membro efetivo do Conselho Fiscal da Companhia e seu respectivo suplente||Ratificar o número de membros que compõem o Conselho de Administração da Cia para o mandato que se encerrará com a realização da Assembleia Geral Ordinária que deliberará acerca das demonstrações fin||Ratificar o pedido de Recuperação Judicial da Cia, em conjunto com determinadas de suas subsidiárias, ajuizado no dia 16 de agosto de 2026, perante o Juízo de Falências e Recuperações Judiciais",alta,recuperação judicial|falência|ação judicial,https://www.rad.cvm.gov.br/ENET/frmDownloadDocumento.aspx?Tela=ext&descTipo=IPE&CodigoInstituicao=1&numProtocolo=1569303&numSequencia=1094009&numVersao=1,e0acf9f2e1c3cd83
2026-09-21T18:25:36,2026-09-17T00:00:00,GRUPO CASAS BAHIA S.A.,33041260065290,Assembleia,AGDEB,Ata da Assembleia Geral de Debenturistas da 11ª emissão de debentures,média,,https://www.rad.cvm.gov.br/ENET/frmDownloadDocumento.aspx?Tela=ext&descTipo=IPE&CodigoInstituicao=1&numProtocolo=1569126&numSequencia=1093832&numVersao=1,d9f96a20321ac527
2026-09-21T18:25:36,2026-09-17T00:00:00,GRUPO CASAS BAHIA S.A.,33041260065290,Assembleia,AGDEB,Termo de não instalação da Assembleia Geral de Debenturistas da 10ª emissão de debentures,média,,https://www.rad.cvm.gov.br/ENET/frmDownloadDocumento.aspx?Tela=ext&descTipo=IPE&CodigoInstituicao=1&numProtocolo=1569125&numSequencia=1093831&numVersao=1,68db79566de6a9e7
2026-09-21T18:25:36,2026-09-16T00:00:00,GRUPO CASAS BAHIA S.A.,33041260065290,Comunicado ao Mercado,Outros Comunicados Não Considerados Fatos Relevantes,Procedimentos para reenquadramento do Valor Mínimo de Cotação das ações da Companhia,média,,https://www.rad.cvm.gov.br/ENET/frmDownloadDocumento.aspx?Tela=ext&descTipo=IPE&CodigoInstituicao=1&numProtocolo=1568759&numSequencia=1093465&numVersao=1,314d74fb5230978e
2026-09-21T18:25:36,2026-09-16T00:00:00,GRUPO CASAS BAHIA S.A.,33041260065290,Comunicado ao Mercado,Esclarecimentos sobre questionamentos da CVM/B3,Esclarecimentos acerca de notícia veiculada na mídia,média,,https://www.rad.cvm.gov.br/ENET/frmDownloadDocumento.aspx?Tela=ext&descTipo=IPE&CodigoInstituicao=1&numProtocolo=1568758&numSequencia=1093464&numVersao=1,845af9bb87ccbc0b
2026-09-21T18:25:36,2026-09-16T00:00:00,AMERICANAS S.A. - EM RECUPERAÇÃO JUDICIAL,00776574000156,Comunicado ao Mercado,Outros Comunicados Não Considerados Fatos Relevantes,Publicação de Editais de Alienação de Imóveis,média,,https://www.rad.cvm.gov.br/ENET/frmDownloadDocumento.aspx?Tela=ext&descTipo=IPE&CodigoInstituicao=1&numProtocolo=1568911&numSequencia=1093617&numVersao=1,5a83090569338522
2026-09-21T18:25:36,2026-09-15T00:00:00,MARISA LOJAS SA,61189288000189,Fato Relevante,nan,Reenquadramento da cotação das ações da Companhia,alta,,https://www.rad.cvm.gov.br/ENET/frmDownloadDocumento.aspx?Tela=ext&descTipo=IPE&CodigoInstituicao=1&numProtocolo=1568195&numSequencia=1092901&numVersao=1,cafedb93f5bd8cc5
2026-09-14T18:18:20,2026-09-11T00:00:00,MARISA LOJAS SA,61189288000189,Fato Relevante,nan,Tratamento excepcional | Desenquadramento do percentual mínimo de ações em circulação no mercado | Extensão automática de prazo pela B3,alta,,https://www.rad.cvm.gov.br/ENET/frmDownloadDocumento.aspx?Tela=ext&descTipo=IPE&CodigoInstituicao=1&numProtocolo=1567396&numSequencia=1092102&numVersao=1,54d67f36f8b85720
2026-09-14T18:18:20,2026-09-10T00:00:00,COMPANHIA BRASILEIRA DE DISTRIBUIÇÃO,47508411000156,Comunicado ao Mercado,Outros Comunicados Não Considerados Fatos Relevantes,Alteração de Membros do Conselho de Administração,média,,https://www.rad.cvm.gov.br/ENET/frmDownloadDocumento.aspx?Tela=ext&descTipo=IPE&CodigoInstituicao=1&numProtocolo=1567130&numSequencia=1091836&numVersao=1,8eacee013471dcb8
2026-09-14T18:18:20,2026-09-09T00:00:00,AMERICANAS S.A. - EM RECUPERAÇÃO JUDICIAL,00776574000156,Comunicado ao Mercado,Outros Comunicados Não Considerados Fatos Relevantes,AMERICANAS Reconhecida como Marca de Alto Renome,média,,https://www.rad.cvm.gov.br/ENET/frmDownloadDocumento.aspx?Tela=ext&descTipo=IPE&CodigoInstituicao=1&numProtocolo=1566430&numSequencia=1091136&numVersao=1,3e8248de03a25b35
2026-09-14T18:18:20,2026-09-08T00:00:00,GRUPO CASAS BAHIA S.A.,33041260065290,Comunicado ao Mercado,Esclarecimentos sobre questionamentos da CVM/B3,Notícia divulgada na mídia,média,,https://www.rad.cvm.gov.br/ENET/frmDownloadDocumento.aspx?Tela=ext&descTipo=IPE&CodigoInstituicao=1&numProtocolo=1565933&numSequencia=1090639&numVersao=1,3020f45e5621e386
2026-09-06T15:56:33,2026-09-03T00:00:00,AMERICANAS S.A. - EM RECUPERAÇÃO JUDICIAL,00776574000156,Assembleia,AGE,Mapa Final de Votação Detalhado - AGE 03/09/2026,média,,https://www.rad.cvm.gov.br/ENET/frmDownloadDocumento.aspx?Tela=ext&descTipo=IPE&CodigoInstituicao=1&numProtocolo=1564715&numSequencia=1089421&numVersao=1,6372e7af15daf81d
2026-09-06T15:56:33,2026-09-03T00:00:00,AMERICANAS S.A. - EM RECUPERAÇÃO JUDICIAL,00776574000156,Assembleia,AGE,"Alterar, consolidar o Estatuto Social, atualizar o capital social decorrente do exercício de bônus de subscrição, fixar o número, eleger os membros do Conselho de Administração e autorizar...",média,,https://www.rad.cvm.gov.br/ENET/frmDownloadDocumento.aspx?Tela=ext&descTipo=IPE&CodigoInstituicao=1&numProtocolo=1564717&numSequencia=1089423&numVersao=1,f5a24365b94eff93
2026-09-06T15:56:33,2026-09-03T00:00:00,MARISA LOJAS SA,61189288000189,Calendário de Eventos Corporativos,nan,nan,baixa,,https://www.rad.cvm.gov.br/ENET/frmDownloadDocumento.aspx?Tela=ext&descTipo=IPE&CodigoInstituicao=1&numProtocolo=1564397&numSequencia=1089103&numVersao=5,250670989003eb3d
2026-09-06T15:56:33,2026-09-01T00:00:00,MARISA LOJAS SA,61189288000189,Calendário de Eventos Corporativos,nan,nan,baixa,,https://www.rad.cvm.gov.br/ENET/frmDownloadDocumento.aspx?Tela=ext&descTipo=IPE&CodigoInstituicao=1&numProtocolo=1563387&numSequencia=1088093&numVersao=4,b7b7677dcd75e1a8
2026-09-06T15:56:33,2026-09-01T00:00:00,AMERICANAS S.A. - EM RECUPERAÇÃO JUDICIAL,00776574000156,Assembleia,AGE,Mapa de Votação Sintético Consolidado AGE,média,,https://www.rad.cvm.gov.br/ENET/frmDownloadDocumento.aspx?Tela=ext&descTipo=IPE&CodigoInstituicao=1&numProtocolo=1563704&numSequencia=1088410&numVersao=1,646fb0759f6a1139
2026-09-06T15:56:33,2026-08-31T00:00:00,COMPANHIA BRASILEIRA DE DISTRIBUIÇÃO,47508411000156,Comunicado ao Mercado,Esclarecimentos sobre questionamentos da CVM/B3,Notícia divulgada na mídia,média,,https://www.rad.cvm.gov.br/ENET/frmDownloadDocumento.aspx?Tela=ext&descTipo=IPE&CodigoInstituicao=1&numProtocolo=1562894&numSequencia=1087600&numVersao=1,39ea79fe53ff6f54
2026-09-06T15:56:33,2026-08-31T00:00:00,GRUPO CASAS BAHIA S.A.,33041260065290,Fato Relevante,nan,Deferimento de Tutela de Urgência na Recuperação Judicial,alta,recuperação judicial|ação judicial,https://www.rad.cvm.gov.br/ENET/frmDownloadDocumento.aspx?Tela=ext&descTipo=IPE&CodigoInstituicao=1&numProtocolo=1562849&numSequencia=1087555&numVersao=1,80d8be7b33455ba0
2026-08-26T13:50:00,2026-08-24T00:00:00,CVLB BRASIL S.A EM RECUPERAÇÃO JUDICAL,16233389000155,Comunicado ao Mercado,Esclarecimentos sobre questionamentos da CVM/B3,"Resposta Ofício nº 241/2026-SLE, de 11/08/2026, sobre o andamento do proc. de recuperação judicial e, em especial, da apresentação de objeções ao Plano de Recuperação Judicial.",alta,recuperação judicial|ação judicial,https://www.rad.cvm.gov.br/ENET/frmDownloadDocumento.aspx?Tela=ext&descTipo=IPE&CodigoInstituicao=1&numProtocolo=1560634&numSequencia=1085340&numVersao=1,7ebf81dca796d9ff
2026-08-26T13:50:00,2026-08-21T00:00:00,AMERICANAS S.A. - EM RECUPERAÇÃO JUDICIAL,00776574000156,Aviso aos Acionistas,Outros avisos,Aumento de capital por exercício de bônus de subscrição,baixa,,https://www.rad.cvm.gov.br/ENET/frmDownloadDocumento.aspx?Tela=ext&descTipo=IPE&CodigoInstituicao=1&numProtocolo=1560332&numSequencia=1085038&numVersao=1,fe95da43716a2cf5
2026-08-26T13:50:00,2026-08-21T00:00:00,GRUPO CASAS BAHIA S.A.,33041260065290,Comunicado ao Mercado,Outros Comunicados Não Considerados Fatos Relevantes,Esclarecimentos acerca de notícia veiculada na mídia,média,,https://www.rad.cvm.gov.br/ENET/frmDownloadDocumento.aspx?Tela=ext&descTipo=IPE&CodigoInstituicao=1&numProtocolo=1560487&numSequencia=1085193&numVersao=1,9aa1d7ba86d93074
2026-08-26T13:50:00,2026-08-18T00:00:00,GRUPO CASAS BAHIA S.A.,33041260065290,Comunicado ao Mercado,Esclarecimentos sobre questionamentos da CVM/B3,Esclarecimentos acerca de notícia veiculada na mídia,média,,https://www.rad.cvm.gov.br/ENET/frmDownloadDocumento.aspx?Tela=ext&descTipo=IPE&CodigoInstituicao=1&numProtocolo=1559232&numSequencia=1083938&numVersao=1,eea4299e366a5646
2026-08-26T13:50:00,2026-08-17T00:00:00,GRUPO CASAS BAHIA S.A.,33041260065290,Comunicado ao Mercado,Apresentações a analistas/agentes do mercado,Apresentação de Resultado 2T26 - Videoconferência,média,,https://www.rad.cvm.gov.br/ENET/frmDownloadDocumento.aspx?Tela=ext&descTipo=IPE&CodigoInstituicao=1&numProtocolo=1558693&numSequencia=1083399&numVersao=1,969bd473f1afdecb
2026-08-26T13:50:00,2026-08-17T00:00:00,MARISA LOJAS SA,61189288000189,Comunicado ao Mercado,Apresentações a analistas/agentes do mercado,Apresentação de resultados 2T26,média,,https://www.rad.cvm.gov.br/ENET/frmDownloadDocumento.aspx?Tela=ext&descTipo=IPE&CodigoInstituicao=1&numProtocolo=1558416&numSequencia=1083122&numVersao=1,40850d11daad334a
2026-08-16T13:26:02,2026-08-16T00:00:00,GRUPO CASAS BAHIA S.A.,33041260065290,Comunicado ao Mercado,Apresentações a analistas/agentes do mercado,Apresentação de Resultado 2T26,média,,https://www.rad.cvm.gov.br/ENET/frmDownloadDocumento.aspx?Tela=ext&descTipo=IPE&CodigoInstituicao=1&numProtocolo=1558370&numSequencia=1083076&numVersao=1,e7495d97d03c2126
2026-08-16T13:26:02,2026-08-14T00:00:00,COMPANHIA BRASILEIRA DE DISTRIBUIÇÃO,47508411000156,Comunicado ao Mercado,Outros Comunicados Não Considerados Fatos Relevantes,Disponibilização Term Sheet na CVM,média,,https://www.rad.cvm.gov.br/ENET/frmDownloadDocumento.aspx?Tela=ext&descTipo=IPE&CodigoInstituicao=1&numProtocolo=1558099&numSequencia=1082805&numVersao=1,dcaec92e50559728
2026-08-16T13:26:02,2026-08-13T00:00:00,AMERICANAS S.A. - EM RECUPERAÇÃO JUDICIAL,00776574000156,Comunicado ao Mercado,Outros Comunicados Não Considerados Fatos Relevantes,Comunicado ao Mercado - Fechamento Inicial HNT,média,,https://www.rad.cvm.gov.br/ENET/frmDownloadDocumento.aspx?Tela=ext&descTipo=IPE&CodigoInstituicao=1&numProtocolo=1557416&numSequencia=1082122&numVersao=1,8eddd9d2454090a7
2026-08-16T13:26:02,2026-08-13T00:00:00,AMERICANAS S.A. - EM RECUPERAÇÃO JUDICIAL,00776574000156,Comunicado ao Mercado,Apresentações a analistas/agentes do mercado,Apresentação de Resultados 2T26,média,,https://www.rad.cvm.gov.br/ENET/frmDownloadDocumento.aspx?Tela=ext&descTipo=IPE&CodigoInstituicao=1&numProtocolo=1556826&numSequencia=1081532&numVersao=1,90b444d319a46553
2026-08-16T13:26:02,2026-08-12T00:00:00,COMPANHIA BRASILEIRA DE DISTRIBUIÇÃO,47508411000156,Fato Relevante,nan,Term Sheet das debêntures do Plano de Recuperação Extrajudicial,alta,debêntures,https://www.rad.cvm.gov.br/ENET/frmDownloadDocumento.aspx?Tela=ext&descTipo=IPE&CodigoInstituicao=1&numProtocolo=1556765&numSequencia=1081471&numVersao=1,db12dab593d1d4ca
2026-08-16T13:26:02,2026-08-11T00:00:00,GRUPO CASAS BAHIA S.A.,33041260065290,Calendário de Eventos Corporativos,nan,nan,baixa,,https://www.rad.cvm.gov.br/ENET/frmDownloadDocumento.aspx?Tela=ext&descTipo=IPE&CodigoInstituicao=1&numProtocolo=1556064&numSequencia=1080770&numVersao=2,5d303bd36d163164
2026-08-16T13:26:02,2026-08-11T00:00:00,GRUPO CASAS BAHIA S.A.,33041260065290,Comunicado ao Mercado,Outros Comunicados Não Considerados Fatos Relevantes,Alteração do Calendário de Eventos Corporativos,média,,https://www.rad.cvm.gov.br/ENET/frmDownloadDocumento.aspx?Tela=ext&descTipo=IPE&CodigoInstituicao=1&numProtocolo=1556065&numSequencia=1080771&numVersao=1,ca33c77a56fe464a
2026-08-16T13:26:02,2026-08-10T00:00:00,AMERICANAS S.A. - EM RECUPERAÇÃO JUDICIAL,00776574000156,Aviso aos Acionistas,Outros avisos,Aumento de capital por exercício de bônus de subscrição,baixa,,https://www.rad.cvm.gov.br/ENET/frmDownloadDocumento.aspx?Tela=ext&descTipo=IPE&CodigoInstituicao=1&numProtocolo=1555456&numSequencia=1080162&numVersao=1,3f8fb229f42cd3cc
2026-08-09T13:44:03,2026-08-07T00:00:00,AMERICANAS S.A. - EM RECUPERAÇÃO JUDICIAL,00776574000156,Comunicado ao Mercado,Outros Comunicados Não Considerados Fatos Relevantes,Conclusão do procedimento de ajuste de preço da alienação da UPI Uni.Co,média,,https://www.rad.cvm.gov.br/ENET/frmDownloadDocumento.aspx?Tela=ext&descTipo=IPE&CodigoInstituicao=1&numProtocolo=1554573&numSequencia=1079279&numVersao=1,10eb689420075e31
2026-08-09T13:44:03,2026-08-04T00:00:00,COMPANHIA BRASILEIRA DE DISTRIBUIÇÃO,47508411000156,Comunicado ao Mercado,Apresentações a analistas/agentes do mercado,Apresentação de Resultado - 2T26,média,,https://www.rad.cvm.gov.br/ENET/frmDownloadDocumento.aspx?Tela=ext&descTipo=IPE&CodigoInstituicao=1&numProtocolo=1552160&numSequencia=1076866&numVersao=1,c8944d62ae59236f
2026-08-02T14:25:34,2026-07-30T00:00:00,AMERICANAS S.A. - EM RECUPERAÇÃO JUDICIAL,00776574000156,Assembleia,AGE,nan,média,,https://www.rad.cvm.gov.br/ENET/frmDownloadDocumento.aspx?Tela=ext&descTipo=IPE&CodigoInstituicao=1&numProtocolo=1550029&numSequencia=1074735&numVersao=1,37819bd9aa8d65d6
2026-08-02T14:25:34,2026-07-30T00:00:00,AMERICANAS S.A. - EM RECUPERAÇÃO JUDICIAL,00776574000156,Assembleia,AGE,"Autorizar a alteração do caput do Artigo 5º do Estatuto Social da Companhia para refletir o novo valor e o número de ações, consolidar o Estatuto Social da Companhia de forma a refletir as alterações,",média,,https://www.rad.cvm.gov.br/ENET/frmDownloadDocumento.aspx?Tela=ext&descTipo=IPE&CodigoInstituicao=1&numProtocolo=1550023&numSequencia=1074729&numVersao=1,c70e804df5e56f33
2026-08-02T14:25:34,2026-07-30T00:00:00,AMERICANAS S.A. - EM RECUPERAÇÃO JUDICIAL,00776574000156,Assembleia,AGE,nan,média,,https://www.rad.cvm.gov.br/ENET/frmDownloadDocumento.aspx?Tela=ext&descTipo=IPE&CodigoInstituicao=1&numProtocolo=1550030&numSequencia=1074736&numVersao=1,37819bd9aa8d65d6
2026-08-02T14:25:34,2026-07-30T00:00:00,AMERICANAS S.A. - EM RECUPERAÇÃO JUDICIAL,00776574000156,Assembleia,AGE,"Autorizar a alteração do caput do Artigo 5º do Estatuto Social da Companhia para refletir o novo valor e o número de ações, consolidar o Estatuto Social da Companhia de forma a refletir as alterações,",média,,https://www.rad.cvm.gov.br/ENET/frmDownloadDocumento.aspx?Tela=ext&descTipo=IPE&CodigoInstituicao=1&numProtocolo=1550028&numSequencia=1074734&numVersao=1,c70e804df5e56f33
2026-08-02T14:25:34,2026-07-27T00:00:00,AMERICANAS S.A. - EM RECUPERAÇÃO JUDICIAL,00776574000156,Comunicado ao Mercado,Outros Comunicados Não Considerados Fatos Relevantes,CAM 236 23 Instauração da arbitragem,média,,https://www.rad.cvm.gov.br/ENET/frmDownloadDocumento.aspx?Tela=ext&descTipo=IPE&CodigoInstituicao=1&numProtocolo=1548063&numSequencia=1072769&numVersao=1,a27c214349cb6832
2026-07-26T14:26:00,2026-07-20T00:00:00,MARISA LOJAS SA,61189288000189,Comunicado ao Mercado,Outros Comunicados Não Considerados Fatos Relevantes,Alteração na Administração da Companhia,média,,https://www.rad.cvm.gov.br/ENET/frmDownloadDocumento.aspx?Tela=ext&descTipo=IPE&CodigoInstituicao=1&numProtocolo=1546409&numSequencia=1071115&numVersao=1,d09a5dc3ba998bb0
2026-07-20T15:06:32,2026-07-17T00:00:00,GRUPO CASAS BAHIA S.A.,33041260065290,Aviso aos Acionistas,Outros avisos,Aumento do capital social da Companhia,baixa,,https://www.rad.cvm.gov.br/ENET/frmDownloadDocumento.aspx?Tela=ext&descTipo=IPE&CodigoInstituicao=1&numProtocolo=1546085&numSequencia=1070791&numVersao=1,462d42c1c88ef7a8
2026-07-20T15:06:32,2026-07-17T00:00:00,COMPANHIA BRASILEIRA DE DISTRIBUIÇÃO,47508411000156,Comunicado ao Mercado,Esclarecimentos sobre questionamentos da CVM/B3,Notícia Veiculada na Mídia,média,,https://www.rad.cvm.gov.br/ENET/frmDownloadDocumento.aspx?Tela=ext&descTipo=IPE&CodigoInstituicao=1&numProtocolo=1546074&numSequencia=1070780&numVersao=1,158a6d69129ba8af
2026-07-13T15:39:29,2026-07-09T00:00:00,AMERICANAS S.A. - EM RECUPERAÇÃO JUDICIAL,00776574000156,Comunicado ao Mercado,Outros Comunicados Não Considerados Fatos Relevantes,Esclarecimentos Sobre a Recuperação Judicial,alta,recuperação judicial|ação judicial,https://www.rad.cvm.gov.br/ENET/frmDownloadDocumento.aspx?Tela=ext&descTipo=IPE&CodigoInstituicao=1&numProtocolo=1543326&numSequencia=1068032&numVersao=1,c8802393d1705bd5
2026-07-06T16:16:07,2026-07-03T00:00:00,AMERICANAS S.A. - EM RECUPERAÇÃO JUDICIAL,00776574000156,Fato Relevante,nan,Conclusão da Venda da UPI Uni.Co,alta,,https://www.rad.cvm.gov.br/ENET/frmDownloadDocumento.aspx?Tela=ext&descTipo=IPE&CodigoInstituicao=1&numProtocolo=1541658&numSequencia=1066364&numVersao=1,6c1f5cb638485093
2026-07-06T16:16:07,2026-07-02T00:00:00,COMPANHIA BRASILEIRA DE DISTRIBUIÇÃO,47508411000156,Comunicado ao Mercado,Outros Comunicados Não Considerados Fatos Relevantes,Conclusão Operação Stix,média,,https://www.rad.cvm.gov.br/ENET/frmDownloadDocumento.aspx?Tela=ext&descTipo=IPE&CodigoInstituicao=1&numProtocolo=1541402&numSequencia=1066108&numVersao=1,aadd33fde790999a
2026-07-06T16:16:07,2026-06-30T00:00:00,AMERICANAS S.A. - EM RECUPERAÇÃO JUDICIAL,00776574000156,Comunicado ao Mercado,Esclarecimentos sobre questionamentos da CVM/B3,Notícia divulgada na mídia,média,,https://www.rad.cvm.gov.br/ENET/frmDownloadDocumento.aspx?Tela=ext&descTipo=IPE&CodigoInstituicao=1&numProtocolo=1540179&numSequencia=1064885&numVersao=1,36a0808368ee3054
2026-06-28T14:45:29,2026-06-26T00:00:00,COMPANHIA BRASILEIRA DE DISTRIBUIÇÃO,47508411000156,Comunicado ao Mercado,Aquisição/Alienação de Participação Acionária (art. 12 da Instr. CVM nº 358),nan,média,,https://www.rad.cvm.gov.br/ENET/frmDownloadDocumento.aspx?Tela=ext&descTipo=IPE&CodigoInstituicao=1&numProtocolo=1538953&numSequencia=1063659&numVersao=1,70e124149f582561
2026-06-28T14:45:29,2026-06-22T00:00:00,COMPANHIA BRASILEIRA DE DISTRIBUIÇÃO,47508411000156,Comunicado ao Mercado,Outros Comunicados Não Considerados Fatos Relevantes,Eleição DRI,média,,https://www.rad.cvm.gov.br/ENET/frmDownloadDocumento.aspx?Tela=ext&descTipo=IPE&CodigoInstituicao=1&numProtocolo=1537040&numSequencia=1061746&numVersao=1,a9370a8b6a2b8892
2026-06-28T14:45:29,2026-06-22T00:00:00,COMPANHIA BRASILEIRA DE DISTRIBUIÇÃO,47508411000156,Aviso aos Acionistas,Aumento de capital por subscrição privada deliberado em RCA,nan,baixa,,https://www.rad.cvm.gov.br/ENET/frmDownloadDocumento.aspx?Tela=ext&descTipo=IPE&CodigoInstituicao=1&numProtocolo=1537044&numSequencia=1061750&numVersao=1,77663b2a30408bf4
2026-06-21T15:09:12,2026-06-17T00:00:00,COMPANHIA BRASILEIRA DE DISTRIBUIÇÃO,47508411000156,Comunicado ao Mercado,Aquisição/Alienação de Participação Acionária (art. 12 da Instr. CVM nº 358),nan,média,,https://www.rad.cvm.gov.br/ENET/frmDownloadDocumento.aspx?Tela=ext&descTipo=IPE&CodigoInstituicao=1&numProtocolo=1535700&numSequencia=1060406&numVersao=1,7b8dacc500457631
2026-06-21T15:09:12,2026-06-16T00:00:00,COMPANHIA BRASILEIRA DE DISTRIBUIÇÃO,47508411000156,Assembleia,AGE,AGE 15/06 - Mapa Final de Votação Detalhado,média,,https://www.rad.cvm.gov.br/ENET/frmDownloadDocumento.aspx?Tela=ext&descTipo=IPE&CodigoInstituicao=1&numProtocolo=1534915&numSequencia=1059621&numVersao=1,fab26b6fdaaa0215
2026-06-21T15:09:12,2026-06-15T00:00:00,COMPANHIA BRASILEIRA DE DISTRIBUIÇÃO,47508411000156,Assembleia,AGE,AGE 15/06 - Ata,média,,https://www.rad.cvm.gov.br/ENET/frmDownloadDocumento.aspx?Tela=ext&descTipo=IPE&CodigoInstituicao=1&numProtocolo=1534453&numSequencia=1059159&numVersao=1,d7a2fbf1eed4e130
2026-06-15T17:59:57,2026-06-13T00:00:00,COMPANHIA BRASILEIRA DE DISTRIBUIÇÃO,47508411000156,Assembleia,AGE,AGE 15/06 - Mapa Sintético Consolidado,média,,https://www.rad.cvm.gov.br/ENET/frmDownloadDocumento.aspx?Tela=ext&descTipo=IPE&CodigoInstituicao=1&numProtocolo=1534342&numSequencia=1059048&numVersao=1,e2b838f98e946ff0
2026-06-15T17:59:57,2026-06-10T00:00:00,COMPANHIA BRASILEIRA DE DISTRIBUIÇÃO,47508411000156,Comunicado ao Mercado,Outros Comunicados Não Considerados Fatos Relevantes,Publicação do Edital do Plano de Recuperação Extrajudicial,média,,https://www.rad.cvm.gov.br/ENET/frmDownloadDocumento.aspx?Tela=ext&descTipo=IPE&CodigoInstituicao=1&numProtocolo=1533050&numSequencia=1057756&numVersao=1,f109c772ae09f162
2026-05-31T14:28:17,2026-05-29T00:00:00,GRUPO CASAS BAHIA S.A.,33041260065290,Comunicado ao Mercado,"Instalação, mudança ou dissolução do Comitê de Auditoria Estatutário",Mudança na composição do comitê de auditoria estatutário,alta,auditor,https://www.rad.cvm.gov.br/ENET/frmDownloadDocumento.aspx?Tela=ext&descTipo=IPE&CodigoInstituicao=1&numProtocolo=1528651&numSequencia=1053357&numVersao=1,685c0cb2be10244a
2026-05-31T14:28:17,2026-05-27T00:00:00,AMERICANAS S.A. - EM RECUPERAÇÃO JUDICIAL,00776574000156,Comunicado ao Mercado,Outros Comunicados Não Considerados Fatos Relevantes,CAM 294 25 Instauração da arbitragem,média,,https://www.rad.cvm.gov.br/ENET/frmDownloadDocumento.aspx?Tela=ext&descTipo=IPE&CodigoInstituicao=1&numProtocolo=1527543&numSequencia=1052249&numVersao=1,80ff2530caa70a5e
2026-05-31T14:28:17,2026-05-26T00:00:00,MARISA LOJAS SA,61189288000189,Comunicado ao Mercado,"Instalação, mudança ou dissolução do Comitê de Auditoria Estatutário",Mudança na composição do comitê de auditoria estatutário,alta,auditor,https://www.rad.cvm.gov.br/ENET/frmDownloadDocumento.aspx?Tela=ext&descTipo=IPE&CodigoInstituicao=1&numProtocolo=1526934&numSequencia=1051640&numVersao=1,e61695272dd2ce88
2026-05-24T14:22:09,2026-05-22T00:00:00,CVLB BRASIL S.A.,16233389000155,Assembleia,AGE,Reforma Estatutária,média,,https://www.rad.cvm.gov.br/ENET/frmDownloadDocumento.aspx?Tela=ext&descTipo=IPE&CodigoInstituicao=1&numProtocolo=1525884&numSequencia=1050590&numVersao=1,02427520e01022e3
2026-05-24T14:22:09,2026-05-22T00:00:00,AMERICANAS S.A. - EM RECUPERAÇÃO JUDICIAL,00776574000156,Aviso aos Acionistas,Outros avisos,Aumento de capital por exercício de bônus de subscrição,baixa,,https://www.rad.cvm.gov.br/ENET/frmDownloadDocumento.aspx?Tela=ext&descTipo=IPE&CodigoInstituicao=1&numProtocolo=1526422&numSequencia=1051128&numVersao=1,08a01e6ba0b6a7b7
2026-05-24T14:22:09,2026-05-20T00:00:00,COMPANHIA BRASILEIRA DE DISTRIBUIÇÃO,47508411000156,Comunicado ao Mercado,Outros Comunicados Não Considerados Fatos Relevantes,Venda da Participação Societária na Stix,média,,https://www.rad.cvm.gov.br/ENET/frmDownloadDocumento.aspx?Tela=ext&descTipo=IPE&CodigoInstituicao=1&numProtocolo=1525258&numSequencia=1049964&numVersao=1,84630037d40074aa
2026-05-24T14:22:09,2026-05-18T00:00:00,MARISA LOJAS SA,61189288000189,Comunicado ao Mercado,Apresentações a analistas/agentes do mercado,Apresentação de resultados 1T26,média,,https://www.rad.cvm.gov.br/ENET/frmDownloadDocumento.aspx?Tela=ext&descTipo=IPE&CodigoInstituicao=1&numProtocolo=1523458&numSequencia=1048164&numVersao=1,3942bd4b6cc31f40
2026-05-17T14:24:03,2026-05-15T00:00:00,CVLB BRASIL S.A.,16233389000155,Assembleia,AGE,Alteração Estatuto Social,média,,https://www.rad.cvm.gov.br/ENET/frmDownloadDocumento.aspx?Tela=ext&descTipo=IPE&CodigoInstituicao=1&numProtocolo=1522972&numSequencia=1047678&numVersao=1,4a32518f78fb004d
2026-05-17T14:24:03,2026-05-14T00:00:00,COMPANHIA BRASILEIRA DE DISTRIBUIÇÃO,47508411000156,Fato Relevante,nan,Convocação AGE,alta,,https://www.rad.cvm.gov.br/ENET/frmDownloadDocumento.aspx?Tela=ext&descTipo=IPE&CodigoInstituicao=1&numProtocolo=1522562&numSequencia=1047268&numVersao=1,21436dade51d1f6f
2026-05-17T14:24:03,2026-05-14T00:00:00,COMPANHIA BRASILEIRA DE DISTRIBUIÇÃO,47508411000156,Comunicado ao Mercado,Apresentações a analistas/agentes do mercado,Apresentação de Resultado - 1T26,média,,https://www.rad.cvm.gov.br/ENET/frmDownloadDocumento.aspx?Tela=ext&descTipo=IPE&CodigoInstituicao=1&numProtocolo=1522493&numSequencia=1047199&numVersao=1,887face2818a9f45
2026-05-17T14:24:03,2026-05-14T00:00:00,COMPANHIA BRASILEIRA DE DISTRIBUIÇÃO,47508411000156,Comunicado ao Mercado,Outros Comunicados Não Considerados Fatos Relevantes,Renúncia de suplente do Conselho Fiscal,alta,renúncia,https://www.rad.cvm.gov.br/ENET/frmDownloadDocumento.aspx?Tela=ext&descTipo=IPE&CodigoInstituicao=1&numProtocolo=1522503&numSequencia=1047209&numVersao=1,7e01f0ddc31fe98d
2026-05-17T14:24:03,2026-05-14T00:00:00,COMPANHIA BRASILEIRA DE DISTRIBUIÇÃO,47508411000156,Assembleia,AGE,"Deliberar sobre alteração de limite do capital autorizado, exclusão do capitulo X do estatuto social dentre outras deliberações",média,,https://www.rad.cvm.gov.br/ENET/frmDownloadDocumento.aspx?Tela=ext&descTipo=IPE&CodigoInstituicao=1&numProtocolo=1522553&numSequencia=1047259&numVersao=2,4c0a5e94fef4fcac
2026-05-17T14:24:03,2026-05-14T00:00:00,COMPANHIA BRASILEIRA DE DISTRIBUIÇÃO,47508411000156,Assembleia,AGE,nan,média,,https://www.rad.cvm.gov.br/ENET/frmDownloadDocumento.aspx?Tela=ext&descTipo=IPE&CodigoInstituicao=1&numProtocolo=1522528&numSequencia=1047234&numVersao=1,430d875fcf9deef3
2026-05-17T14:24:03,2026-05-14T00:00:00,COMPANHIA BRASILEIRA DE DISTRIBUIÇÃO,47508411000156,Assembleia,AGE,"Deliberar sobre alteração de limite do capital autorizado, exclusão do capitulo X do estatuto social dentre outras deliberações",média,,https://www.rad.cvm.gov.br/ENET/frmDownloadDocumento.aspx?Tela=ext&descTipo=IPE&CodigoInstituicao=1&numProtocolo=1522550&numSequencia=1047256&numVersao=1,4c0a5e94fef4fcac
2026-05-17T14:24:03,2026-05-14T00:00:00,AMERICANAS S.A. - EM RECUPERAÇÃO JUDICIAL,00776574000156,Comunicado ao Mercado,Apresentações a analistas/agentes do mercado,Apresentação de Resultados 1T26,média,,https://www.rad.cvm.gov.br/ENET/frmDownloadDocumento.aspx?Tela=ext&descTipo=IPE&CodigoInstituicao=1&numProtocolo=1521815&numSequencia=1046521&numVersao=1,c7abdd8cf1173c78
2026-05-17T14:24:03,2026-05-14T00:00:00,COMPANHIA BRASILEIRA DE DISTRIBUIÇÃO,47508411000156,Aviso aos Acionistas,Aumento de capital por subscrição privada deliberado em RCA,nan,baixa,,https://www.rad.cvm.gov.br/ENET/frmDownloadDocumento.aspx?Tela=ext&descTipo=IPE&CodigoInstituicao=1&numProtocolo=1522515&numSequencia=1047221&numVersao=1,77d6445a8533898f
2026-05-17T14:24:03,2026-05-13T00:00:00,AMERICANAS S.A. - EM RECUPERAÇÃO JUDICIAL,00776574000156,Comunicado ao Mercado,Outros Comunicados Não Considerados Fatos Relevantes,Alienação de Ativos HNT São Paulo,média,,https://www.rad.cvm.gov.br/ENET/frmDownloadDocumento.aspx?Tela=ext&descTipo=IPE&CodigoInstituicao=1&numProtocolo=1521643&numSequencia=1046349&numVersao=1,b89c74a63ef45b3f
2026-05-17T14:24:03,2026-05-13T00:00:00,GRUPO CASAS BAHIA S.A.,33041260065290,Comunicado ao Mercado,Apresentações a analistas/agentes do mercado,Apresentação de Resultado 1T26,média,,https://www.rad.cvm.gov.br/ENET/frmDownloadDocumento.aspx?Tela=ext&descTipo=IPE&CodigoInstituicao=1&numProtocolo=1521723&numSequencia=1046429&numVersao=1,382bf745755fc687
2026-05-13T19:28:37,2026-05-05T00:00:00,COMPANHIA BRASILEIRA DE DISTRIBUIÇÃO,47508411000156,Fato Relevante,nan,Celebração de nova versão do plano de recuperação extrajudicial,alta,,https://www.rad.cvm.gov.br/ENET/frmDownloadDocumento.aspx?Tela=ext&descTipo=IPE&CodigoInstituicao=1&numProtocolo=1516383&numSequencia=1041089&numVersao=1,caa180472807662d
2026-05-13T19:28:37,2026-05-05T00:00:00,COMPANHIA BRASILEIRA DE DISTRIBUIÇÃO,47508411000156,Comunicado ao Mercado,Esclarecimentos sobre questionamentos da CVM/B3,Notícia veiculada na mídia,média,,https://www.rad.cvm.gov.br/ENET/frmDownloadDocumento.aspx?Tela=ext&descTipo=IPE&CodigoInstituicao=1&numProtocolo=1516385&numSequencia=1041091&numVersao=1,7f505e05b533c1cb
2026-05-13T19:28:37,2026-05-05T00:00:00,CVLB BRASIL S.A.,16233389000155,Fato Relevante,nan,Deferimento RJ,alta,RJ,https://www.rad.cvm.gov.br/ENET/frmDownloadDocumento.aspx?Tela=ext&descTipo=IPE&CodigoInstituicao=1&numProtocolo=1516335&numSequencia=1041041&numVersao=1,4ce791b96b8e30d6
2026-05-13T19:28:37,2026-05-04T00:00:00,AMERICANAS S.A. - EM RECUPERAÇÃO JUDICIAL,00776574000156,Comunicado ao Mercado,Outros Comunicados Não Considerados Fatos Relevantes,CAM 268 24 - Desistência dos requerentes,média,,https://www.rad.cvm.gov.br/ENET/frmDownloadDocumento.aspx?Tela=ext&descTipo=IPE&CodigoInstituicao=1&numProtocolo=1515450&numSequencia=1040156&numVersao=1,21a22f76b5882ca9
